Dataset,R,Alpha_Min,Alpha_Max,Algorithm,L,QPS,Latency,Recall
gist,32,1.0,1.2,Baseline,50,1306.43,20865.63,73.93
gist,32,1.0,1.2,Baseline,50,1313.42,20854.45,74.98
gist,32,1.0,1.2,Baseline,50,1320.52,20931.01,74.34
gist,32,1.0,1.2,Baseline,50,210.91,146058.40,73.67
gist,32,1.0,1.2,Baseline,50,1312.42,21266.91,75.18
gist,32,1.0,1.2,Baseline,100,110.62,281127.87,85.42
gist,32,1.0,1.2,Baseline,100,731.72,39713.86,86.13
gist,32,1.0,1.2,Baseline,100,728.16,39941.70,85.71
gist,32,1.0,1.2,Baseline,100,134.03,234525.52,84.97
gist,32,1.0,1.2,Baseline,100,734.50,39825.67,86.47
gist,32,1.0,1.2,Baseline,150,266.70,114855.67,90.00
gist,32,1.0,1.2,Baseline,150,113.41,269882.43,90.52
gist,32,1.0,1.2,Baseline,150,148.09,204677.12,90.76
gist,32,1.0,1.2,Baseline,150,505.75,58404.30,89.22
gist,32,1.0,1.2,Baseline,150,123.51,246390.53,91.16
gist,32,1.0,1.2,Baseline,200,385.41,77573.31,92.75
gist,32,1.0,1.2,Baseline,200,58.95,535912.79,93.04
gist,32,1.0,1.2,Baseline,200,57.34,542308.73,93.30
gist,32,1.0,1.2,Baseline,200,382.19,77676.47,92.08
gist,32,1.0,1.2,Baseline,200,57.69,538561.87,93.60
gist,32,1.0,1.2,MCGI,50,440.08,69003.71,72.73
gist,32,1.0,1.2,MCGI,50,435.46,70079.80,73.29
gist,32,1.0,1.2,MCGI,50,526.62,56479.67,73.77
gist,32,1.0,1.2,MCGI,50,450.21,67534.31,71.30
gist,32,1.0,1.2,MCGI,50,1258.26,22209.14,73.57
gist,32,1.0,1.2,MCGI,100,375.86,80665.01,84.20
gist,32,1.0,1.2,MCGI,100,231.53,130904.36,84.93
gist,32,1.0,1.2,MCGI,100,712.50,40656.26,85.28
gist,32,1.0,1.2,MCGI,100,379.74,80110.53,82.97
gist,32,1.0,1.2,MCGI,100,711.63,40875.13,85.33
gist,32,1.0,1.2,MCGI,150,300.08,101254.16,89.17
gist,32,1.0,1.2,MCGI,150,160.11,190729.71,89.61
gist,32,1.0,1.2,MCGI,150,492.17,59571.44,90.05
gist,32,1.0,1.2,MCGI,150,284.72,104576.85,88.05
gist,32,1.0,1.2,MCGI,150,426.81,69988.13,90.20
gist,32,1.0,1.2,MCGI,200,159.92,191085.63,92.12
gist,32,1.0,1.2,MCGI,200,136.21,225810.93,92.18
gist,32,1.0,1.2,MCGI,200,374.86,79317.26,92.67
gist,32,1.0,1.2,MCGI,200,162.49,187960.04,90.80
gist,32,1.0,1.2,MCGI,200,377.54,79203.83,92.89
gist,32,1.0,1.5,Baseline,50,1320.52,20931.01,74.34
gist,32,1.0,1.5,Baseline,50,1306.43,20865.63,73.93
gist,32,1.0,1.5,Baseline,50,1313.42,20854.45,74.98
gist,32,1.0,1.5,Baseline,50,1312.42,21266.91,75.18
gist,32,1.0,1.5,Baseline,50,210.91,146058.40,73.67
gist,32,1.0,1.5,Baseline,100,728.16,39941.70,85.71
gist,32,1.0,1.5,Baseline,100,110.62,281127.87,85.42
gist,32,1.0,1.5,Baseline,100,731.72,39713.86,86.13
gist,32,1.0,1.5,Baseline,100,734.50,39825.67,86.47
gist,32,1.0,1.5,Baseline,100,134.03,234525.52,84.97
gist,32,1.0,1.5,Baseline,150,148.09,204677.12,90.76
gist,32,1.0,1.5,Baseline,150,266.70,114855.67,90.00
gist,32,1.0,1.5,Baseline,150,113.41,269882.43,90.52
gist,32,1.0,1.5,Baseline,150,123.51,246390.53,91.16
gist,32,1.0,1.5,Baseline,150,505.75,58404.30,89.22
gist,32,1.0,1.5,Baseline,200,57.34,542308.73,93.30
gist,32,1.0,1.5,Baseline,200,385.41,77573.31,92.75
gist,32,1.0,1.5,Baseline,200,58.95,535912.79,93.04
gist,32,1.0,1.5,Baseline,200,57.69,538561.87,93.60
gist,32,1.0,1.5,Baseline,200,382.19,77676.47,92.08
gist,32,1.0,1.5,MCGI,50,462.44,65547.56,74.80
gist,32,1.0,1.5,MCGI,50,454.29,66911.98,73.53
gist,32,1.0,1.5,MCGI,50,453.95,66990.02,74.12
gist,32,1.0,1.5,MCGI,50,457.12,66314.81,74.81
gist,32,1.0,1.5,MCGI,50,444.15,68379.07,72.45
gist,32,1.0,1.5,MCGI,100,250.03,122782.91,86.58
gist,32,1.0,1.5,MCGI,100,223.42,136685.02,85.08
gist,32,1.0,1.5,MCGI,100,246.38,122268.96,85.94
gist,32,1.0,1.5,MCGI,100,246.14,123012.98,86.42
gist,32,1.0,1.5,MCGI,100,270.33,111341.87,83.73
gist,32,1.0,1.5,MCGI,150,161.67,190105.85,91.10
gist,32,1.0,1.5,MCGI,150,167.91,183233.71,89.91
gist,32,1.0,1.5,MCGI,150,163.10,188106.36,90.72
gist,32,1.0,1.5,MCGI,150,159.28,191412.87,91.09
gist,32,1.0,1.5,MCGI,150,165.44,184835.38,88.69
gist,32,1.0,1.5,MCGI,200,139.31,218101.78,93.55
gist,32,1.0,1.5,MCGI,200,133.93,228799.75,92.79
gist,32,1.0,1.5,MCGI,200,142.41,213958.16,92.97
gist,32,1.0,1.5,MCGI,200,138.18,222299.79,93.80
gist,32,1.0,1.5,MCGI,200,139.74,219808.75,91.48
gist,32,1.0,1.8,Baseline,50,1312.42,21266.91,75.18
gist,32,1.0,1.8,Baseline,50,1313.42,20854.45,74.98
gist,32,1.0,1.8,Baseline,50,1306.43,20865.63,73.93
gist,32,1.0,1.8,Baseline,50,210.91,146058.40,73.67
gist,32,1.0,1.8,Baseline,50,1320.52,20931.01,74.34
gist,32,1.0,1.8,Baseline,100,734.50,39825.67,86.47
gist,32,1.0,1.8,Baseline,100,731.72,39713.86,86.13
gist,32,1.0,1.8,Baseline,100,110.62,281127.87,85.42
gist,32,1.0,1.8,Baseline,100,134.03,234525.52,84.97
gist,32,1.0,1.8,Baseline,100,728.16,39941.70,85.71
gist,32,1.0,1.8,Baseline,150,123.51,246390.53,91.16
gist,32,1.0,1.8,Baseline,150,113.41,269882.43,90.52
gist,32,1.0,1.8,Baseline,150,266.70,114855.67,90.00
gist,32,1.0,1.8,Baseline,150,505.75,58404.30,89.22
gist,32,1.0,1.8,Baseline,150,148.09,204677.12,90.76
gist,32,1.0,1.8,Baseline,200,57.69,538561.87,93.60
gist,32,1.0,1.8,Baseline,200,58.95,535912.79,93.04
gist,32,1.0,1.8,Baseline,200,385.41,77573.31,92.75
gist,32,1.0,1.8,Baseline,200,382.19,77676.47,92.08
gist,32,1.0,1.8,Baseline,200,57.34,542308.73,93.30
gist,32,1.0,1.8,MCGI,50,452.26,67146.73,74.88
gist,32,1.0,1.8,MCGI,50,448.35,67896.43,74.52
gist,32,1.0,1.8,MCGI,50,466.74,65139.82,73.66
gist,32,1.0,1.8,MCGI,50,445.09,68313.99,73.49
gist,32,1.0,1.8,MCGI,50,463.48,65504.30,74.68
gist,32,1.0,1.8,MCGI,100,234.56,129940.38,86.45
gist,32,1.0,1.8,MCGI,100,222.66,137159.69,86.24
gist,32,1.0,1.8,MCGI,100,224.83,135152.24,85.10
gist,32,1.0,1.8,MCGI,100,256.63,117840.52,84.53
gist,32,1.0,1.8,MCGI,100,255.46,118377.55,86.66
gist,32,1.0,1.8,MCGI,150,167.93,180856.75,91.25
gist,32,1.0,1.8,MCGI,150,163.81,187854.89,90.79
gist,32,1.0,1.8,MCGI,150,167.89,182294.63,90.13
gist,32,1.0,1.8,MCGI,150,163.73,186332.08,89.21
gist,32,1.0,1.8,MCGI,150,165.12,184724.15,91.27
gist,32,1.0,1.8,MCGI,200,134.65,226971.75,93.79
gist,32,1.0,1.8,MCGI,200,135.28,226538.63,93.11
gist,32,1.0,1.8,MCGI,200,136.29,223608.22,93.05
gist,32,1.0,1.8,MCGI,200,135.51,224607.09,91.83
gist,32,1.0,1.8,MCGI,200,140.53,217783.63,93.80
gist,48,1.0,1.2,Baseline,50,1335.47,20304.52,79.30
gist,48,1.0,1.2,Baseline,50,1353.91,20271.24,78.41
gist,48,1.0,1.2,Baseline,50,1334.71,20589.09,78.67
gist,48,1.0,1.2,Baseline,50,1325.75,20331.87,79.89
gist,48,1.0,1.2,Baseline,50,1343.38,20289.45,80.08
gist,48,1.0,1.2,Baseline,100,736.09,39071.56,90.13
gist,48,1.0,1.2,Baseline,100,741.62,38961.54,88.93
gist,48,1.0,1.2,Baseline,100,729.01,39337.10,89.69
gist,48,1.0,1.2,Baseline,100,729.60,38926.30,90.94
gist,48,1.0,1.2,Baseline,100,736.02,38841.87,90.80
gist,48,1.0,1.2,Baseline,150,108.10,285582.78,93.97
gist,48,1.0,1.2,Baseline,150,112.89,273326.58,93.03
gist,48,1.0,1.2,Baseline,150,119.59,256721.52,93.85
gist,48,1.0,1.2,Baseline,150,101.10,306297.77,94.80
gist,48,1.0,1.2,Baseline,150,136.65,222973.38,94.61
gist,48,1.0,1.2,Baseline,200,57.71,548027.76,96.13
gist,48,1.0,1.2,Baseline,200,57.14,544780.20,94.94
gist,48,1.0,1.2,Baseline,200,55.99,555754.23,95.70
gist,48,1.0,1.2,Baseline,200,59.33,533240.97,96.68
gist,48,1.0,1.2,Baseline,200,57.54,539057.16,96.48
gist,48,1.0,1.2,MCGI,50,447.70,67633.52,77.64
gist,48,1.0,1.2,MCGI,50,1279.25,21310.93,76.89
gist,48,1.0,1.2,MCGI,50,1266.10,21671.69,77.26
gist,48,1.0,1.2,MCGI,50,1293.51,21247.43,78.56
gist,48,1.0,1.2,MCGI,50,989.99,28094.37,78.99
gist,48,1.0,1.2,MCGI,100,221.30,137583.08,88.45
gist,48,1.0,1.2,MCGI,100,713.49,39849.84,87.48
gist,48,1.0,1.2,MCGI,100,711.17,40221.32,88.55
gist,48,1.0,1.2,MCGI,100,690.15,41688.51,89.76
gist,48,1.0,1.2,MCGI,100,708.59,40449.46,89.13
gist,48,1.0,1.2,MCGI,150,157.20,193939.74,93.04
gist,48,1.0,1.2,MCGI,150,494.49,58921.99,91.97
gist,48,1.0,1.2,MCGI,150,484.31,60493.20,92.85
gist,48,1.0,1.2,MCGI,150,493.57,59200.34,93.77
gist,48,1.0,1.2,MCGI,150,405.62,73163.76,93.38
gist,48,1.0,1.2,MCGI,200,129.65,237774.35,95.31
gist,48,1.0,1.2,MCGI,200,377.25,78917.17,94.30
gist,48,1.0,1.2,MCGI,200,366.39,81262.55,94.76
gist,48,1.0,1.2,MCGI,200,367.53,81406.04,95.92
gist,48,1.0,1.2,MCGI,200,375.08,79296.23,95.32
gist,48,1.0,1.5,Baseline,50,1325.75,20331.87,79.89
gist,48,1.0,1.5,Baseline,50,1343.38,20289.45,80.08
gist,48,1.0,1.5,Baseline,50,1335.47,20304.52,79.30
gist,48,1.0,1.5,Baseline,50,1353.91,20271.24,78.41
gist,48,1.0,1.5,Baseline,50,1334.71,20589.09,78.67
gist,48,1.0,1.5,Baseline,100,729.60,38926.30,90.94
gist,48,1.0,1.5,Baseline,100,736.02,38841.87,90.80
gist,48,1.0,1.5,Baseline,100,736.09,39071.56,90.13
gist,48,1.0,1.5,Baseline,100,741.62,38961.54,88.93
gist,48,1.0,1.5,Baseline,100,729.01,39337.10,89.69
gist,48,1.0,1.5,Baseline,150,101.10,306297.77,94.80
gist,48,1.0,1.5,Baseline,150,136.65,222973.38,94.61
gist,48,1.0,1.5,Baseline,150,108.10,285582.78,93.97
gist,48,1.0,1.5,Baseline,150,112.89,273326.58,93.03
gist,48,1.0,1.5,Baseline,150,119.59,256721.52,93.85
gist,48,1.0,1.5,Baseline,200,59.33,533240.97,96.68
gist,48,1.0,1.5,Baseline,200,57.54,539057.16,96.48
gist,48,1.0,1.5,Baseline,200,57.71,548027.76,96.13
gist,48,1.0,1.5,Baseline,200,57.14,544780.20,94.94
gist,48,1.0,1.5,Baseline,200,55.99,555754.23,95.70
gist,48,1.0,1.5,MCGI,50,456.34,66307.79,79.31
gist,48,1.0,1.5,MCGI,50,462.64,65797.77,79.85
gist,48,1.0,1.5,MCGI,50,476.77,63720.90,78.93
gist,48,1.0,1.5,MCGI,50,455.02,66600.90,77.22
gist,48,1.0,1.5,MCGI,50,470.91,64444.48,78.23
gist,48,1.0,1.5,MCGI,100,260.81,115875.57,90.45
gist,48,1.0,1.5,MCGI,100,249.92,121034.79,90.34
gist,48,1.0,1.5,MCGI,100,233.56,131420.12,90.04
gist,48,1.0,1.5,MCGI,100,266.42,113336.00,88.50
gist,48,1.0,1.5,MCGI,100,279.32,108012.56,89.23
gist,48,1.0,1.5,MCGI,150,155.81,196203.30,94.39
gist,48,1.0,1.5,MCGI,150,160.96,189890.92,94.38
gist,48,1.0,1.5,MCGI,150,154.04,197275.87,94.02
gist,48,1.0,1.5,MCGI,150,165.47,183310.03,92.46
gist,48,1.0,1.5,MCGI,150,156.68,194759.13,93.69
gist,48,1.0,1.5,MCGI,200,132.08,228869.17,96.46
gist,48,1.0,1.5,MCGI,200,130.27,234108.21,96.17
gist,48,1.0,1.5,MCGI,200,131.53,230853.95,96.23
gist,48,1.0,1.5,MCGI,200,131.93,231406.40,94.76
gist,48,1.0,1.5,MCGI,200,129.25,236531.53,95.43
gist,48,1.0,1.8,Baseline,50,1353.91,20271.24,78.41
gist,48,1.0,1.8,Baseline,50,1335.47,20304.52,79.30
gist,48,1.0,1.8,Baseline,50,1343.38,20289.45,80.08
gist,48,1.0,1.8,Baseline,50,1334.71,20589.09,78.67
gist,48,1.0,1.8,Baseline,50,1325.75,20331.87,79.89
gist,48,1.0,1.8,Baseline,100,741.62,38961.54,88.93
gist,48,1.0,1.8,Baseline,100,736.09,39071.56,90.13
gist,48,1.0,1.8,Baseline,100,736.02,38841.87,90.80
gist,48,1.0,1.8,Baseline,100,729.01,39337.10,89.69
gist,48,1.0,1.8,Baseline,100,729.60,38926.30,90.94
gist,48,1.0,1.8,Baseline,150,112.89,273326.58,93.03
gist,48,1.0,1.8,Baseline,150,108.10,285582.78,93.97
gist,48,1.0,1.8,Baseline,150,136.65,222973.38,94.61
gist,48,1.0,1.8,Baseline,150,119.59,256721.52,93.85
gist,48,1.0,1.8,Baseline,150,101.10,306297.77,94.80
gist,48,1.0,1.8,Baseline,200,57.14,544780.20,94.94
gist,48,1.0,1.8,Baseline,200,57.71,548027.76,96.13
gist,48,1.0,1.8,Baseline,200,57.54,539057.16,96.48
gist,48,1.0,1.8,Baseline,200,55.99,555754.23,95.70
gist,48,1.0,1.8,Baseline,200,59.33,533240.97,96.68
gist,48,1.0,1.8,MCGI,50,474.68,63721.55,78.02
gist,48,1.0,1.8,MCGI,50,454.76,66679.82,79.63
gist,48,1.0,1.8,MCGI,50,467.32,64721.50,79.87
gist,48,1.0,1.8,MCGI,50,475.12,63980.27,78.90
gist,48,1.0,1.8,MCGI,50,468.97,64686.88,79.85
gist,48,1.0,1.8,MCGI,100,242.03,123718.41,88.87
gist,48,1.0,1.8,MCGI,100,241.47,123976.73,90.35
gist,48,1.0,1.8,MCGI,100,234.32,129727.85,90.49
gist,48,1.0,1.8,MCGI,100,250.97,119637.66,89.42
gist,48,1.0,1.8,MCGI,100,219.38,138657.41,90.96
gist,48,1.0,1.8,MCGI,150,159.53,191322.65,93.11
gist,48,1.0,1.8,MCGI,150,158.74,190862.74,94.41
gist,48,1.0,1.8,MCGI,150,157.20,194176.50,94.39
gist,48,1.0,1.8,MCGI,150,156.18,194599.83,93.73
gist,48,1.0,1.8,MCGI,150,154.33,197745.32,94.77
gist,48,1.0,1.8,MCGI,200,130.82,233771.43,95.21
gist,48,1.0,1.8,MCGI,200,129.50,234987.92,96.31
gist,48,1.0,1.8,MCGI,200,134.28,229191.92,96.23
gist,48,1.0,1.8,MCGI,200,131.41,232212.56,95.77
gist,48,1.0,1.8,MCGI,200,129.56,233765.08,96.80
gist,64,1.0,1.2,Baseline,50,717.00,40031.31,81.22
gist,64,1.0,1.2,Baseline,50,685.66,42767.64,81.76
gist,64,1.0,1.2,Baseline,50,348.40,86247.32,82.15
gist,64,1.0,1.2,Baseline,50,632.25,46455.50,82.43
gist,64,1.0,1.2,Baseline,50,548.82,51678.25,80.62
gist,64,1.0,1.2,Baseline,100,95.19,326552.52,91.38
gist,64,1.0,1.2,Baseline,100,93.43,331773.18,91.84
gist,64,1.0,1.2,Baseline,100,97.24,319546.60,91.96
gist,64,1.0,1.2,Baseline,100,92.37,336255.69,92.55
gist,64,1.0,1.2,Baseline,100,89.44,346752.51,90.62
gist,64,1.0,1.2,Baseline,150,64.72,483026.43,95.32
gist,64,1.0,1.2,Baseline,150,64.38,484506.79,95.65
gist,64,1.0,1.2,Baseline,150,64.41,483106.31,95.29
gist,64,1.0,1.2,Baseline,150,61.82,505711.13,95.90
gist,64,1.0,1.2,Baseline,150,60.86,510461.37,94.61
gist,64,1.0,1.2,Baseline,200,56.15,561815.47,96.87
gist,64,1.0,1.2,Baseline,200,56.58,557334.90,97.34
gist,64,1.0,1.2,Baseline,200,64.57,487315.71,96.92
gist,64,1.0,1.2,Baseline,200,53.78,586646.25,97.36
gist,64,1.0,1.2,Baseline,200,58.29,540659.19,96.55
gist,64,1.0,1.2,MCGI,50,671.22,43366.35,80.34
gist,64,1.0,1.2,MCGI,50,627.74,46779.24,81.25
gist,64,1.0,1.2,MCGI,50,155.83,199242.09,80.56
gist,64,1.0,1.2,MCGI,50,653.13,44992.90,80.70
gist,64,1.0,1.2,MCGI,50,656.90,44261.58,79.44
gist,64,1.0,1.2,MCGI,100,370.87,80604.49,90.37
gist,64,1.0,1.2,MCGI,100,342.54,87584.44,91.31
gist,64,1.0,1.2,MCGI,100,124.78,247515.40,90.71
gist,64,1.0,1.2,MCGI,100,361.26,82827.62,91.54
gist,64,1.0,1.2,MCGI,100,362.36,82508.81,89.77
gist,64,1.0,1.2,MCGI,150,253.71,119761.32,94.40
gist,64,1.0,1.2,MCGI,150,236.37,128734.44,94.89
gist,64,1.0,1.2,MCGI,150,95.81,322001.85,94.79
gist,64,1.0,1.2,MCGI,150,247.11,122904.28,95.17
gist,64,1.0,1.2,MCGI,150,247.38,122746.43,93.87
gist,64,1.0,1.2,MCGI,200,190.65,159267.15,96.37
gist,64,1.0,1.2,MCGI,200,178.41,170269.25,96.61
gist,64,1.0,1.2,MCGI,200,80.52,381714.51,96.50
gist,64,1.0,1.2,MCGI,200,189.56,160167.95,96.84
gist,64,1.0,1.2,MCGI,200,188.75,160846.63,95.99
gist,64,1.0,1.5,Baseline,50,348.40,86247.32,82.15
gist,64,1.0,1.5,Baseline,50,632.25,46455.50,82.43
gist,64,1.0,1.5,Baseline,50,548.82,51678.25,80.62
gist,64,1.0,1.5,Baseline,50,685.66,42767.64,81.76
gist,64,1.0,1.5,Baseline,50,717.00,40031.31,81.22
gist,64,1.0,1.5,Baseline,100,97.24,319546.60,91.96
gist,64,1.0,1.5,Baseline,100,92.37,336255.69,92.55
gist,64,1.0,1.5,Baseline,100,89.44,346752.51,90.62
gist,64,1.0,1.5,Baseline,100,93.43,331773.18,91.84
gist,64,1.0,1.5,Baseline,100,95.19,326552.52,91.38
gist,64,1.0,1.5,Baseline,150,64.41,483106.31,95.29
gist,64,1.0,1.5,Baseline,150,61.82,505711.13,95.90
gist,64,1.0,1.5,Baseline,150,60.86,510461.37,94.61
gist,64,1.0,1.5,Baseline,150,64.38,484506.79,95.65
gist,64,1.0,1.5,Baseline,150,64.72,483026.43,95.32
gist,64,1.0,1.5,Baseline,200,64.57,487315.71,96.92
gist,64,1.0,1.5,Baseline,200,53.78,586646.25,97.36
gist,64,1.0,1.5,Baseline,200,58.29,540659.19,96.55
gist,64,1.0,1.5,Baseline,200,56.58,557334.90,97.34
gist,64,1.0,1.5,Baseline,200,56.15,561815.47,96.87
gist,64,1.0,1.5,MCGI,50,212.01,144283.71,81.87
gist,64,1.0,1.5,MCGI,50,157.35,196812.71,81.94
gist,64,1.0,1.5,MCGI,50,150.58,205895.01,79.73
gist,64,1.0,1.5,MCGI,50,208.30,145856.55,82.09
gist,64,1.0,1.5,MCGI,50,173.72,176780.89,81.01
gist,64,1.0,1.5,MCGI,100,126.02,244852.46,91.83
gist,64,1.0,1.5,MCGI,100,125.36,244926.45,92.25
gist,64,1.0,1.5,MCGI,100,127.47,241834.83,90.08
gist,64,1.0,1.5,MCGI,100,128.93,238628.68,91.90
gist,64,1.0,1.5,MCGI,100,132.75,232007.15,90.93
gist,64,1.0,1.5,MCGI,150,100.99,305880.09,95.53
gist,64,1.0,1.5,MCGI,150,100.35,307528.88,96.05
gist,64,1.0,1.5,MCGI,150,99.39,311197.48,94.21
gist,64,1.0,1.5,MCGI,150,98.96,312065.19,95.67
gist,64,1.0,1.5,MCGI,150,99.69,310402.56,94.93
gist,64,1.0,1.5,MCGI,200,83.78,367332.16,97.08
gist,64,1.0,1.5,MCGI,200,78.82,390229.71,97.50
gist,64,1.0,1.5,MCGI,200,77.46,396202.33,96.22
gist,64,1.0,1.5,MCGI,200,80.90,380652.20,97.23
gist,64,1.0,1.5,MCGI,200,81.42,378549.11,96.76
gist,64,1.0,1.8,Baseline,50,348.40,86247.32,82.15
gist,64,1.0,1.8,Baseline,50,548.82,51678.25,80.62
gist,64,1.0,1.8,Baseline,50,685.66,42767.64,81.76
gist,64,1.0,1.8,Baseline,50,717.00,40031.31,81.22
gist,64,1.0,1.8,Baseline,50,632.25,46455.50,82.43
gist,64,1.0,1.8,Baseline,100,97.24,319546.60,91.96
gist,64,1.0,1.8,Baseline,100,89.44,346752.51,90.62
gist,64,1.0,1.8,Baseline,100,93.43,331773.18,91.84
gist,64,1.0,1.8,Baseline,100,95.19,326552.52,91.38
gist,64,1.0,1.8,Baseline,100,92.37,336255.69,92.55
gist,64,1.0,1.8,Baseline,150,64.41,483106.31,95.29
gist,64,1.0,1.8,Baseline,150,60.86,510461.37,94.61
gist,64,1.0,1.8,Baseline,150,64.38,484506.79,95.65
gist,64,1.0,1.8,Baseline,150,64.72,483026.43,95.32
gist,64,1.0,1.8,Baseline,150,61.82,505711.13,95.90
gist,64,1.0,1.8,Baseline,200,64.57,487315.71,96.92
gist,64,1.0,1.8,Baseline,200,58.29,540659.19,96.55
gist,64,1.0,1.8,Baseline,200,56.58,557334.90,97.34
gist,64,1.0,1.8,Baseline,200,56.15,561815.47,96.87
gist,64,1.0,1.8,Baseline,200,53.78,586646.25,97.36
gist,64,1.0,1.8,MCGI,50,240.76,127031.28,82.13
gist,64,1.0,1.8,MCGI,50,176.69,173679.27,79.85
gist,64,1.0,1.8,MCGI,50,181.93,169569.54,82.37
gist,64,1.0,1.8,MCGI,50,217.96,140328.40,81.18
gist,64,1.0,1.8,MCGI,50,219.18,139015.32,81.99
gist,64,1.0,1.8,MCGI,100,127.84,242498.40,92.15
gist,64,1.0,1.8,MCGI,100,131.23,234249.68,90.10
gist,64,1.0,1.8,MCGI,100,127.90,241976.01,92.21
gist,64,1.0,1.8,MCGI,100,130.13,237783.57,91.06
gist,64,1.0,1.8,MCGI,100,131.40,235521.46,92.30
gist,64,1.0,1.8,MCGI,150,103.18,299211.72,95.56
gist,64,1.0,1.8,MCGI,150,101.46,304201.79,94.13
gist,64,1.0,1.8,MCGI,150,101.48,302436.41,95.76
gist,64,1.0,1.8,MCGI,150,101.09,304140.09,95.00
gist,64,1.0,1.8,MCGI,150,107.13,287904.15,96.01
gist,64,1.0,1.8,MCGI,200,83.83,366412.68,97.05
gist,64,1.0,1.8,MCGI,200,81.82,376538.95,96.19
gist,64,1.0,1.8,MCGI,200,80.24,384549.88,97.29
gist,64,1.0,1.8,MCGI,200,84.69,362444.48,96.78
gist,64,1.0,1.8,MCGI,200,85.36,359655.47,97.48
glove,32,1.0,1.2,Baseline,50,1170.05,25918.95,76.19
glove,32,1.0,1.2,Baseline,50,1218.42,24827.08,75.67
glove,32,1.0,1.2,Baseline,50,1170.60,25917.49,74.26
glove,32,1.0,1.2,Baseline,50,1190.93,25454.40,76.03
glove,32,1.0,1.2,Baseline,50,1157.35,26220.10,75.29
glove,32,1.0,1.2,Baseline,100,546.32,56310.72,83.22
glove,32,1.0,1.2,Baseline,100,693.17,43909.29,82.54
glove,32,1.0,1.2,Baseline,100,688.80,44181.08,81.24
glove,32,1.0,1.2,Baseline,100,547.97,56153.46,82.89
glove,32,1.0,1.2,Baseline,100,530.63,57996.81,82.17
glove,32,1.0,1.2,Baseline,150,484.25,63528.48,86.46
glove,32,1.0,1.2,Baseline,150,405.94,76277.61,85.75
glove,32,1.0,1.2,Baseline,150,410.80,75375.90,84.43
glove,32,1.0,1.2,Baseline,150,475.52,64737.46,86.12
glove,32,1.0,1.2,Baseline,150,473.24,65082.10,85.27
glove,32,1.0,1.2,Baseline,200,372.77,82997.55,88.32
glove,32,1.0,1.2,Baseline,200,373.36,82757.24,87.78
glove,32,1.0,1.2,Baseline,200,370.90,83371.88,86.47
glove,32,1.0,1.2,Baseline,200,365.22,84544.67,88.11
glove,32,1.0,1.2,Baseline,200,363.79,85210.64,87.24
glove,32,1.0,1.2,MCGI,50,1212.79,24970.26,75.77
glove,32,1.0,1.2,MCGI,50,724.99,42773.37,75.18
glove,32,1.0,1.2,MCGI,50,1168.34,25991.66,73.50
glove,32,1.0,1.2,MCGI,50,1182.14,25658.11,75.73
glove,32,1.0,1.2,MCGI,50,1214.14,24940.90,74.56
glove,32,1.0,1.2,MCGI,100,686.98,44323.56,82.89
glove,32,1.0,1.2,MCGI,100,612.79,49939.69,82.20
glove,32,1.0,1.2,MCGI,100,665.22,45843.39,80.53
glove,32,1.0,1.2,MCGI,100,672.57,45282.04,82.74
glove,32,1.0,1.2,MCGI,100,685.53,44415.73,81.55
glove,32,1.0,1.2,MCGI,150,480.70,63998.41,86.15
glove,32,1.0,1.2,MCGI,150,436.72,70731.83,85.34
glove,32,1.0,1.2,MCGI,150,466.94,66016.07,83.72
glove,32,1.0,1.2,MCGI,150,470.01,65559.93,85.88
glove,32,1.0,1.2,MCGI,150,478.98,64281.46,84.78
glove,32,1.0,1.2,MCGI,200,370.42,83552.28,88.10
glove,32,1.0,1.2,MCGI,200,364.80,84910.73,87.32
glove,32,1.0,1.2,MCGI,200,360.53,85908.40,85.81
glove,32,1.0,1.2,MCGI,200,361.99,85554.72,87.81
glove,32,1.0,1.2,MCGI,200,368.36,84051.01,86.88
glove,32,1.0,1.5,Baseline,50,1170.60,25917.49,74.26
glove,32,1.0,1.5,Baseline,50,1190.93,25454.40,76.03
glove,32,1.0,1.5,Baseline,50,1218.42,24827.08,75.67
glove,32,1.0,1.5,Baseline,50,1157.35,26220.10,75.29
glove,32,1.0,1.5,Baseline,50,1170.05,25918.95,76.19
glove,32,1.0,1.5,Baseline,100,688.80,44181.08,81.24
glove,32,1.0,1.5,Baseline,100,547.97,56153.46,82.89
glove,32,1.0,1.5,Baseline,100,693.17,43909.29,82.54
glove,32,1.0,1.5,Baseline,100,530.63,57996.81,82.17
glove,32,1.0,1.5,Baseline,100,546.32,56310.72,83.22
glove,32,1.0,1.5,Baseline,150,410.80,75375.90,84.43
glove,32,1.0,1.5,Baseline,150,475.52,64737.46,86.12
glove,32,1.0,1.5,Baseline,150,405.94,76277.61,85.75
glove,32,1.0,1.5,Baseline,150,473.24,65082.10,85.27
glove,32,1.0,1.5,Baseline,150,484.25,63528.48,86.46
glove,32,1.0,1.5,Baseline,200,370.90,83371.88,86.47
glove,32,1.0,1.5,Baseline,200,365.22,84544.67,88.11
glove,32,1.0,1.5,Baseline,200,373.36,82757.24,87.78
glove,32,1.0,1.5,Baseline,200,363.79,85210.64,87.24
glove,32,1.0,1.5,Baseline,200,372.77,82997.55,88.32
glove,32,1.0,1.5,MCGI,50,736.55,42048.88,73.63
glove,32,1.0,1.5,MCGI,50,733.50,42264.78,75.95
glove,32,1.0,1.5,MCGI,50,734.90,42169.00,75.52
glove,32,1.0,1.5,MCGI,50,742.52,41737.72,74.75
glove,32,1.0,1.5,MCGI,50,724.99,42766.91,75.95
glove,32,1.0,1.5,MCGI,100,540.55,56893.45,80.90
glove,32,1.0,1.5,MCGI,100,544.89,56500.39,82.89
glove,32,1.0,1.5,MCGI,100,554.79,55366.55,82.46
glove,32,1.0,1.5,MCGI,100,637.66,47927.11,81.71
glove,32,1.0,1.5,MCGI,100,616.50,49667.18,82.97
glove,32,1.0,1.5,MCGI,150,481.43,63916.15,84.13
glove,32,1.0,1.5,MCGI,150,477.97,64420.39,85.99
glove,32,1.0,1.5,MCGI,150,479.74,64163.94,85.67
glove,32,1.0,1.5,MCGI,150,426.30,72525.70,84.97
glove,32,1.0,1.5,MCGI,150,431.47,71618.02,86.22
glove,32,1.0,1.5,MCGI,200,370.86,83502.69,86.26
glove,32,1.0,1.5,MCGI,200,367.20,84237.94,87.96
glove,32,1.0,1.5,MCGI,200,368.82,83868.03,87.73
glove,32,1.0,1.5,MCGI,200,361.56,85620.48,87.08
glove,32,1.0,1.5,MCGI,200,365.69,84519.98,88.19
glove,32,1.0,1.8,Baseline,50,1157.35,26220.10,75.29
glove,32,1.0,1.8,Baseline,50,1170.60,25917.49,74.26
glove,32,1.0,1.8,Baseline,50,1170.05,25918.95,76.19
glove,32,1.0,1.8,Baseline,50,1218.42,24827.08,75.67
glove,32,1.0,1.8,Baseline,50,1190.93,25454.40,76.03
glove,32,1.0,1.8,Baseline,100,530.63,57996.81,82.17
glove,32,1.0,1.8,Baseline,100,688.80,44181.08,81.24
glove,32,1.0,1.8,Baseline,100,546.32,56310.72,83.22
glove,32,1.0,1.8,Baseline,100,693.17,43909.29,82.54
glove,32,1.0,1.8,Baseline,100,547.97,56153.46,82.89
glove,32,1.0,1.8,Baseline,150,473.24,65082.10,85.27
glove,32,1.0,1.8,Baseline,150,410.80,75375.90,84.43
glove,32,1.0,1.8,Baseline,150,484.25,63528.48,86.46
glove,32,1.0,1.8,Baseline,150,405.94,76277.61,85.75
glove,32,1.0,1.8,Baseline,150,475.52,64737.46,86.12
glove,32,1.0,1.8,Baseline,200,363.79,85210.64,87.24
glove,32,1.0,1.8,Baseline,200,370.90,83371.88,86.47
glove,32,1.0,1.8,Baseline,200,372.77,82997.55,88.32
glove,32,1.0,1.8,Baseline,200,373.36,82757.24,87.78
glove,32,1.0,1.8,Baseline,200,365.22,84544.67,88.11
glove,32,1.0,1.8,MCGI,50,742.49,41710.12,74.97
glove,32,1.0,1.8,MCGI,50,672.10,46269.88,74.18
glove,32,1.0,1.8,MCGI,50,730.35,42447.01,76.01
glove,32,1.0,1.8,MCGI,50,757.08,40886.35,75.77
glove,32,1.0,1.8,MCGI,50,693.12,44800.69,75.74
glove,32,1.0,1.8,MCGI,100,622.56,48646.76,81.92
glove,32,1.0,1.8,MCGI,100,660.02,46140.65,80.93
glove,32,1.0,1.8,MCGI,100,543.40,56585.68,83.07
glove,32,1.0,1.8,MCGI,100,646.80,47027.50,82.64
glove,32,1.0,1.8,MCGI,100,694.70,43812.11,82.77
glove,32,1.0,1.8,MCGI,150,473.34,65056.59,85.21
glove,32,1.0,1.8,MCGI,150,458.96,67175.69,84.25
glove,32,1.0,1.8,MCGI,150,477.53,64455.15,86.22
glove,32,1.0,1.8,MCGI,150,461.32,66808.69,85.76
glove,32,1.0,1.8,MCGI,150,477.98,64398.46,86.09
glove,32,1.0,1.8,MCGI,200,372.76,82978.54,87.23
glove,32,1.0,1.8,MCGI,200,359.76,85991.43,86.36
glove,32,1.0,1.8,MCGI,200,368.14,84075.20,88.20
glove,32,1.0,1.8,MCGI,200,371.94,82961.04,87.80
glove,32,1.0,1.8,MCGI,200,373.40,82702.03,88.07
glove,48,1.0,1.2,Baseline,50,1247.51,23787.94,81.06
glove,48,1.0,1.2,Baseline,50,1250.22,23704.97,81.60
glove,48,1.0,1.2,Baseline,50,1215.79,24404.14,79.45
glove,48,1.0,1.2,Baseline,50,1226.90,24289.21,81.69
glove,48,1.0,1.2,Baseline,50,1249.38,23792.65,80.44
glove,48,1.0,1.2,Baseline,100,534.24,57411.06,86.90
glove,48,1.0,1.2,Baseline,100,541.67,56574.02,87.37
glove,48,1.0,1.2,Baseline,100,558.88,54771.80,85.44
glove,48,1.0,1.2,Baseline,100,545.63,56152.44,87.40
glove,48,1.0,1.2,Baseline,100,541.82,56542.51,86.40
glove,48,1.0,1.2,Baseline,150,495.10,61089.32,89.66
glove,48,1.0,1.2,Baseline,150,493.08,61403.66,90.04
glove,48,1.0,1.2,Baseline,150,492.56,61403.08,88.29
glove,48,1.0,1.2,Baseline,150,495.26,60954.79,90.24
glove,48,1.0,1.2,Baseline,150,491.60,61573.65,89.12
glove,48,1.0,1.2,Baseline,200,378.84,80004.08,91.41
glove,48,1.0,1.2,Baseline,200,377.37,80320.44,91.71
glove,48,1.0,1.2,Baseline,200,377.17,80463.69,90.03
glove,48,1.0,1.2,Baseline,200,379.01,79970.09,91.88
glove,48,1.0,1.2,Baseline,200,376.76,80507.05,90.86
glove,48,1.0,1.2,MCGI,50,715.60,43065.87,80.21
glove,48,1.0,1.2,MCGI,50,1233.80,24159.74,80.75
glove,48,1.0,1.2,MCGI,50,1241.40,24008.97,78.40
glove,48,1.0,1.2,MCGI,50,1230.21,24173.67,81.02
glove,48,1.0,1.2,MCGI,50,1219.68,24442.73,79.47
glove,48,1.0,1.2,MCGI,100,617.53,49344.07,86.20
glove,48,1.0,1.2,MCGI,100,691.84,43802.03,86.65
glove,48,1.0,1.2,MCGI,100,694.14,43634.25,84.66
glove,48,1.0,1.2,MCGI,100,694.13,43613.31,86.98
glove,48,1.0,1.2,MCGI,100,684.40,44329.21,85.50
glove,48,1.0,1.2,MCGI,150,432.10,70677.86,89.04
glove,48,1.0,1.2,MCGI,150,479.95,63185.50,89.47
glove,48,1.0,1.2,MCGI,150,482.68,62821.30,87.56
glove,48,1.0,1.2,MCGI,150,484.16,62758.78,89.78
glove,48,1.0,1.2,MCGI,150,476.49,63912.90,88.38
glove,48,1.0,1.2,MCGI,200,368.41,82437.57,90.78
glove,48,1.0,1.2,MCGI,200,367.81,82607.30,91.23
glove,48,1.0,1.2,MCGI,200,369.68,82172.53,89.41
glove,48,1.0,1.2,MCGI,200,370.68,81952.58,91.59
glove,48,1.0,1.2,MCGI,200,365.12,83231.77,90.19
glove,48,1.0,1.5,Baseline,50,1250.22,23704.97,81.60
glove,48,1.0,1.5,Baseline,50,1247.51,23787.94,81.06
glove,48,1.0,1.5,Baseline,50,1249.38,23792.65,80.44
glove,48,1.0,1.5,Baseline,50,1226.90,24289.21,81.69
glove,48,1.0,1.5,Baseline,50,1215.79,24404.14,79.45
glove,48,1.0,1.5,Baseline,100,541.67,56574.02,87.37
glove,48,1.0,1.5,Baseline,100,534.24,57411.06,86.90
glove,48,1.0,1.5,Baseline,100,541.82,56542.51,86.40
glove,48,1.0,1.5,Baseline,100,545.63,56152.44,87.40
glove,48,1.0,1.5,Baseline,100,558.88,54771.80,85.44
glove,48,1.0,1.5,Baseline,150,493.08,61403.66,90.04
glove,48,1.0,1.5,Baseline,150,495.10,61089.32,89.66
glove,48,1.0,1.5,Baseline,150,491.60,61573.65,89.12
glove,48,1.0,1.5,Baseline,150,495.26,60954.79,90.24
glove,48,1.0,1.5,Baseline,150,492.56,61403.08,88.29
glove,48,1.0,1.5,Baseline,200,377.37,80320.44,91.71
glove,48,1.0,1.5,Baseline,200,378.84,80004.08,91.41
glove,48,1.0,1.5,Baseline,200,376.76,80507.05,90.86
glove,48,1.0,1.5,Baseline,200,379.01,79970.09,91.88
glove,48,1.0,1.5,Baseline,200,377.17,80463.69,90.03
glove,48,1.0,1.5,MCGI,50,734.50,41789.44,81.30
glove,48,1.0,1.5,MCGI,50,712.74,43071.35,80.52
glove,48,1.0,1.5,MCGI,50,723.03,42462.92,79.90
glove,48,1.0,1.5,MCGI,50,722.06,42625.70,81.31
glove,48,1.0,1.5,MCGI,50,719.95,42646.91,79.20
glove,48,1.0,1.5,MCGI,100,623.66,48841.55,87.18
glove,48,1.0,1.5,MCGI,100,554.52,55209.63,86.50
glove,48,1.0,1.5,MCGI,100,538.19,56969.08,86.11
glove,48,1.0,1.5,MCGI,100,541.62,56560.47,87.33
glove,48,1.0,1.5,MCGI,100,616.61,49419.60,85.16
glove,48,1.0,1.5,MCGI,150,432.58,70564.53,89.94
glove,48,1.0,1.5,MCGI,150,481.78,62871.50,89.39
glove,48,1.0,1.5,MCGI,150,487.25,62155.56,88.92
glove,48,1.0,1.5,MCGI,150,492.84,61542.54,90.11
glove,48,1.0,1.5,MCGI,150,449.47,67433.07,87.96
glove,48,1.0,1.5,MCGI,200,375.07,80875.10,91.58
glove,48,1.0,1.5,MCGI,200,369.06,82240.12,91.14
glove,48,1.0,1.5,MCGI,200,374.00,81172.36,90.62
glove,48,1.0,1.5,MCGI,200,377.28,80378.82,91.77
glove,48,1.0,1.5,MCGI,200,376.03,80661.80,89.85
glove,48,1.0,1.8,Baseline,50,1226.90,24289.21,81.69
glove,48,1.0,1.8,Baseline,50,1247.51,23787.94,81.06
glove,48,1.0,1.8,Baseline,50,1250.22,23704.97,81.60
glove,48,1.0,1.8,Baseline,50,1249.38,23792.65,80.44
glove,48,1.0,1.8,Baseline,50,1215.79,24404.14,79.45
glove,48,1.0,1.8,Baseline,100,545.63,56152.44,87.40
glove,48,1.0,1.8,Baseline,100,534.24,57411.06,86.90
glove,48,1.0,1.8,Baseline,100,541.67,56574.02,87.37
glove,48,1.0,1.8,Baseline,100,541.82,56542.51,86.40
glove,48,1.0,1.8,Baseline,100,558.88,54771.80,85.44
glove,48,1.0,1.8,Baseline,150,495.26,60954.79,90.24
glove,48,1.0,1.8,Baseline,150,495.10,61089.32,89.66
glove,48,1.0,1.8,Baseline,150,493.08,61403.66,90.04
glove,48,1.0,1.8,Baseline,150,491.60,61573.65,89.12
glove,48,1.0,1.8,Baseline,150,492.56,61403.08,88.29
glove,48,1.0,1.8,Baseline,200,379.01,79970.09,91.88
glove,48,1.0,1.8,Baseline,200,378.84,80004.08,91.41
glove,48,1.0,1.8,Baseline,200,377.37,80320.44,91.71
glove,48,1.0,1.8,Baseline,200,376.76,80507.05,90.86
glove,48,1.0,1.8,Baseline,200,377.17,80463.69,90.03
glove,48,1.0,1.8,MCGI,50,735.31,41811.79,81.49
glove,48,1.0,1.8,MCGI,50,719.14,42577.63,80.86
glove,48,1.0,1.8,MCGI,50,745.86,41111.59,81.37
glove,48,1.0,1.8,MCGI,50,726.66,42243.85,80.25
glove,48,1.0,1.8,MCGI,50,656.65,46951.66,79.44
glove,48,1.0,1.8,MCGI,100,569.24,53555.27,87.40
glove,48,1.0,1.8,MCGI,100,619.34,49175.33,86.74
glove,48,1.0,1.8,MCGI,100,655.59,46307.23,87.20
glove,48,1.0,1.8,MCGI,100,536.14,57144.89,86.29
glove,48,1.0,1.8,MCGI,100,693.15,43672.58,85.44
glove,48,1.0,1.8,MCGI,150,480.35,63130.68,90.17
glove,48,1.0,1.8,MCGI,150,429.65,70886.20,89.45
glove,48,1.0,1.8,MCGI,150,433.14,70402.01,89.97
glove,48,1.0,1.8,MCGI,150,493.04,61492.85,89.07
glove,48,1.0,1.8,MCGI,150,481.80,62815.80,88.18
glove,48,1.0,1.8,MCGI,200,368.13,82470.77,91.91
glove,48,1.0,1.8,MCGI,200,372.01,81601.62,91.25
glove,48,1.0,1.8,MCGI,200,373.03,81315.90,91.66
glove,48,1.0,1.8,MCGI,200,378.42,80167.04,90.86
glove,48,1.0,1.8,MCGI,200,369.12,82301.22,90.04
glove,64,1.0,1.2,Baseline,50,1229.20,23751.21,82.41
glove,64,1.0,1.2,Baseline,50,1276.38,22797.05,84.02
glove,64,1.0,1.2,Baseline,50,1227.13,23839.25,83.28
glove,64,1.0,1.2,Baseline,50,1248.77,23347.68,84.31
glove,64,1.0,1.2,Baseline,50,1256.35,23208.52,84.54
glove,64,1.0,1.2,Baseline,100,532.33,57085.57,87.72
glove,64,1.0,1.2,Baseline,100,709.40,41762.65,89.34
glove,64,1.0,1.2,Baseline,100,534.14,56680.96,88.72
glove,64,1.0,1.2,Baseline,100,537.24,56412.64,89.70
glove,64,1.0,1.2,Baseline,100,542.87,56028.74,89.86
glove,64,1.0,1.2,Baseline,150,483.94,61704.66,90.26
glove,64,1.0,1.2,Baseline,150,389.83,77651.16,91.79
glove,64,1.0,1.2,Baseline,150,491.68,60583.89,91.21
glove,64,1.0,1.2,Baseline,150,488.65,61090.56,92.06
glove,64,1.0,1.2,Baseline,150,496.16,60034.49,92.33
glove,64,1.0,1.2,Baseline,200,370.62,81612.67,91.93
glove,64,1.0,1.2,Baseline,200,375.42,80513.63,93.26
glove,64,1.0,1.2,Baseline,200,376.25,80365.65,92.84
glove,64,1.0,1.2,Baseline,200,372.63,81219.59,93.61
glove,64,1.0,1.2,Baseline,200,379.41,79664.18,93.87
glove,64,1.0,1.2,MCGI,50,1224.91,23969.16,81.67
glove,64,1.0,1.2,MCGI,50,712.58,42699.56,83.17
glove,64,1.0,1.2,MCGI,50,1229.99,23768.19,82.53
glove,64,1.0,1.2,MCGI,50,1254.30,23272.99,83.65
glove,64,1.0,1.2,MCGI,50,1276.63,22791.15,83.73
glove,64,1.0,1.2,MCGI,100,685.37,43552.57,87.15
glove,64,1.0,1.2,MCGI,100,545.39,55684.30,88.60
glove,64,1.0,1.2,MCGI,100,691.24,43540.60,87.98
glove,64,1.0,1.2,MCGI,100,699.64,42673.77,89.06
glove,64,1.0,1.2,MCGI,100,713.30,41908.30,89.17
glove,64,1.0,1.2,MCGI,150,476.51,62847.20,89.81
glove,64,1.0,1.2,MCGI,150,476.05,62849.69,91.19
glove,64,1.0,1.2,MCGI,150,481.57,62012.92,90.60
glove,64,1.0,1.2,MCGI,150,492.23,60641.30,91.54
glove,64,1.0,1.2,MCGI,150,493.32,60511.72,91.71
glove,64,1.0,1.2,MCGI,200,364.94,83076.20,91.54
glove,64,1.0,1.2,MCGI,200,364.46,83192.67,92.74
glove,64,1.0,1.2,MCGI,200,369.34,82017.69,92.21
glove,64,1.0,1.2,MCGI,200,377.98,80020.09,93.15
glove,64,1.0,1.2,MCGI,200,376.85,80261.32,93.30
glove,64,1.0,1.5,Baseline,50,1227.13,23839.25,83.28
glove,64,1.0,1.5,Baseline,50,1248.77,23347.68,84.31
glove,64,1.0,1.5,Baseline,50,1276.38,22797.05,84.02
glove,64,1.0,1.5,Baseline,50,1229.20,23751.21,82.41
glove,64,1.0,1.5,Baseline,50,1256.35,23208.52,84.54
glove,64,1.0,1.5,Baseline,100,534.14,56680.96,88.72
glove,64,1.0,1.5,Baseline,100,537.24,56412.64,89.70
glove,64,1.0,1.5,Baseline,100,709.40,41762.65,89.34
glove,64,1.0,1.5,Baseline,100,532.33,57085.57,87.72
glove,64,1.0,1.5,Baseline,100,542.87,56028.74,89.86
glove,64,1.0,1.5,Baseline,150,491.68,60583.89,91.21
glove,64,1.0,1.5,Baseline,150,488.65,61090.56,92.06
glove,64,1.0,1.5,Baseline,150,389.83,77651.16,91.79
glove,64,1.0,1.5,Baseline,150,483.94,61704.66,90.26
glove,64,1.0,1.5,Baseline,150,496.16,60034.49,92.33
glove,64,1.0,1.5,Baseline,200,376.25,80365.65,92.84
glove,64,1.0,1.5,Baseline,200,372.63,81219.59,93.61
glove,64,1.0,1.5,Baseline,200,375.42,80513.63,93.26
glove,64,1.0,1.5,Baseline,200,370.62,81612.67,91.93
glove,64,1.0,1.5,Baseline,200,379.41,79664.18,93.87
glove,64,1.0,1.5,MCGI,50,755.97,40194.93,82.96
glove,64,1.0,1.5,MCGI,50,724.43,41987.79,84.02
glove,64,1.0,1.5,MCGI,50,709.36,42951.34,83.64
glove,64,1.0,1.5,MCGI,50,719.47,42311.92,81.96
glove,64,1.0,1.5,MCGI,50,744.22,40822.84,84.21
glove,64,1.0,1.5,MCGI,100,656.77,45575.49,88.40
glove,64,1.0,1.5,MCGI,100,617.51,48420.54,89.45
glove,64,1.0,1.5,MCGI,100,544.23,55762.27,89.05
glove,64,1.0,1.5,MCGI,100,622.61,48398.23,87.42
glove,64,1.0,1.5,MCGI,100,646.06,46422.87,89.65
glove,64,1.0,1.5,MCGI,150,432.21,69615.99,90.95
glove,64,1.0,1.5,MCGI,150,458.79,65365.41,91.90
glove,64,1.0,1.5,MCGI,150,475.11,62998.03,91.64
glove,64,1.0,1.5,MCGI,150,425.37,70894.95,90.04
glove,64,1.0,1.5,MCGI,150,451.02,66525.46,92.12
glove,64,1.0,1.5,MCGI,200,374.95,80687.81,92.61
glove,64,1.0,1.5,MCGI,200,369.23,82037.95,93.47
glove,64,1.0,1.5,MCGI,200,363.62,83363.08,93.18
glove,64,1.0,1.5,MCGI,200,367.64,82419.75,91.79
glove,64,1.0,1.5,MCGI,200,368.16,82269.18,93.65
glove,64,1.0,1.8,Baseline,50,1229.20,23751.21,82.41
glove,64,1.0,1.8,Baseline,50,1227.13,23839.25,83.28
glove,64,1.0,1.8,Baseline,50,1276.38,22797.05,84.02
glove,64,1.0,1.8,Baseline,50,1256.35,23208.52,84.54
glove,64,1.0,1.8,Baseline,50,1248.77,23347.68,84.31
glove,64,1.0,1.8,Baseline,100,532.33,57085.57,87.72
glove,64,1.0,1.8,Baseline,100,534.14,56680.96,88.72
glove,64,1.0,1.8,Baseline,100,709.40,41762.65,89.34
glove,64,1.0,1.8,Baseline,100,542.87,56028.74,89.86
glove,64,1.0,1.8,Baseline,100,537.24,56412.64,89.70
glove,64,1.0,1.8,Baseline,150,483.94,61704.66,90.26
glove,64,1.0,1.8,Baseline,150,491.68,60583.89,91.21
glove,64,1.0,1.8,Baseline,150,389.83,77651.16,91.79
glove,64,1.0,1.8,Baseline,150,496.16,60034.49,92.33
glove,64,1.0,1.8,Baseline,150,488.65,61090.56,92.06
glove,64,1.0,1.8,Baseline,200,370.62,81612.67,91.93
glove,64,1.0,1.8,Baseline,200,376.25,80365.65,92.84
glove,64,1.0,1.8,Baseline,200,375.42,80513.63,93.26
glove,64,1.0,1.8,Baseline,200,379.41,79664.18,93.87
glove,64,1.0,1.8,Baseline,200,372.63,81219.59,93.61
glove,64,1.0,1.8,MCGI,50,728.03,41778.93,82.38
glove,64,1.0,1.8,MCGI,50,721.72,42158.10,83.12
glove,64,1.0,1.8,MCGI,50,730.10,41653.61,83.95
glove,64,1.0,1.8,MCGI,50,737.29,41221.12,84.44
glove,64,1.0,1.8,MCGI,50,711.69,42767.89,84.23
glove,64,1.0,1.8,MCGI,100,537.47,56568.52,87.79
glove,64,1.0,1.8,MCGI,100,619.13,48377.04,88.61
glove,64,1.0,1.8,MCGI,100,621.54,48416.64,89.23
glove,64,1.0,1.8,MCGI,100,539.50,56046.68,89.77
glove,64,1.0,1.8,MCGI,100,627.72,47910.83,89.55
glove,64,1.0,1.8,MCGI,150,485.48,61488.00,90.35
glove,64,1.0,1.8,MCGI,150,423.79,71116.65,91.12
glove,64,1.0,1.8,MCGI,150,449.70,66731.77,91.78
glove,64,1.0,1.8,MCGI,150,490.49,60816.46,92.30
glove,64,1.0,1.8,MCGI,150,428.00,70383.81,92.04
glove,64,1.0,1.8,MCGI,200,371.06,81517.85,92.03
glove,64,1.0,1.8,MCGI,200,371.82,81442.81,92.84
glove,64,1.0,1.8,MCGI,200,371.66,81442.96,93.31
glove,64,1.0,1.8,MCGI,200,375.20,80572.99,93.80
glove,64,1.0,1.8,MCGI,200,368.42,82206.14,93.51
sift,16,1.0,1.1,Baseline,50,1167.36,26061.08,84.14
sift,16,1.0,1.1,Baseline,50,1202.63,25228.40,87.01
sift,16,1.0,1.1,Baseline,50,836.90,36890.22,88.48
sift,16,1.0,1.1,Baseline,50,1199.28,25306.48,89.25
sift,16,1.0,1.1,Baseline,100,668.40,46383.56,91.31
sift,16,1.0,1.1,Baseline,100,559.40,55729.65,93.41
sift,16,1.0,1.1,Baseline,100,710.58,43583.89,94.33
sift,16,1.0,1.1,Baseline,100,563.76,55262.98,94.90
sift,16,1.0,1.1,Baseline,150,404.78,77502.71,94.26
sift,16,1.0,1.1,Baseline,150,485.99,64294.77,95.87
sift,16,1.0,1.1,Baseline,150,494.37,63155.31,96.53
sift,16,1.0,1.1,Baseline,150,489.17,63853.81,96.91
sift,16,1.0,1.1,Baseline,200,367.39,85489.59,95.89
sift,16,1.0,1.1,Baseline,200,372.30,84326.24,97.10
sift,16,1.0,1.1,Baseline,200,378.51,82903.65,97.64
sift,16,1.0,1.1,Baseline,200,374.16,83895.02,97.91
sift,16,1.0,1.1,MCGI,50,1171.89,25911.92,82.25
sift,16,1.0,1.1,MCGI,50,1203.12,25200.55,85.55
sift,16,1.0,1.1,MCGI,50,1228.76,24653.99,87.00
sift,16,1.0,1.1,MCGI,50,1240.76,24421.61,88.02
sift,16,1.0,1.1,MCGI,100,679.80,45587.07,89.79
sift,16,1.0,1.1,MCGI,100,687.92,45030.32,92.41
sift,16,1.0,1.1,MCGI,100,699.50,44263.88,93.36
sift,16,1.0,1.1,MCGI,100,705.08,43906.76,94.21
sift,16,1.0,1.1,MCGI,150,475.41,65760.34,93.10
sift,16,1.0,1.1,MCGI,150,479.38,65201.57,95.18
sift,16,1.0,1.1,MCGI,150,485.50,64352.79,95.83
sift,16,1.0,1.1,MCGI,150,489.31,63846.65,96.46
sift,16,1.0,1.1,MCGI,200,365.76,85876.59,94.84
sift,16,1.0,1.1,MCGI,200,367.21,85514.69,96.59
sift,16,1.0,1.1,MCGI,200,371.84,84438.48,97.14
sift,16,1.0,1.1,MCGI,200,374.15,83899.76,97.60
sift,16,1.0,1.2,Baseline,50,1202.63,25228.40,87.01
sift,16,1.0,1.2,Baseline,50,1167.36,26061.08,84.14
sift,16,1.0,1.2,Baseline,50,836.90,36890.22,88.48
sift,16,1.0,1.2,Baseline,50,1199.28,25306.48,89.25
sift,16,1.0,1.2,Baseline,100,559.40,55729.65,93.41
sift,16,1.0,1.2,Baseline,100,668.40,46383.56,91.31
sift,16,1.0,1.2,Baseline,100,710.58,43583.89,94.33
sift,16,1.0,1.2,Baseline,100,563.76,55262.98,94.90
sift,16,1.0,1.2,Baseline,150,485.99,64294.77,95.87
sift,16,1.0,1.2,Baseline,150,404.78,77502.71,94.26
sift,16,1.0,1.2,Baseline,150,494.37,63155.31,96.53
sift,16,1.0,1.2,Baseline,150,489.17,63853.81,96.91
sift,16,1.0,1.2,Baseline,200,372.30,84326.24,97.10
sift,16,1.0,1.2,Baseline,200,367.39,85489.59,95.89
sift,16,1.0,1.2,Baseline,200,378.51,82903.65,97.64
sift,16,1.0,1.2,Baseline,200,374.16,83895.02,97.91
sift,16,1.0,1.2,MCGI,50,771.51,40139.66,85.60
sift,16,1.0,1.2,MCGI,50,747.80,41438.71,82.28
sift,16,1.0,1.2,MCGI,50,762.59,40599.84,87.08
sift,16,1.0,1.2,MCGI,50,760.21,40736.91,88.05
sift,16,1.0,1.2,MCGI,100,629.58,49226.15,92.44
sift,16,1.0,1.2,MCGI,100,558.36,55839.52,89.87
sift,16,1.0,1.2,MCGI,100,578.48,53448.73,93.42
sift,16,1.0,1.2,MCGI,100,636.93,48763.62,94.07
sift,16,1.0,1.2,MCGI,150,467.37,66928.82,95.13
sift,16,1.0,1.2,MCGI,150,474.95,65813.86,93.08
sift,16,1.0,1.2,MCGI,150,477.42,65466.35,95.83
sift,16,1.0,1.2,MCGI,150,446.08,70170.32,96.36
sift,16,1.0,1.2,MCGI,200,374.25,83891.04,96.48
sift,16,1.0,1.2,MCGI,200,365.28,85978.83,94.88
sift,16,1.0,1.2,MCGI,200,366.79,85616.55,97.10
sift,16,1.0,1.2,MCGI,200,368.06,85305.93,97.55
sift,16,1.0,1.3,Baseline,50,836.90,36890.22,88.48
sift,16,1.0,1.3,Baseline,50,1199.28,25306.48,89.25
sift,16,1.0,1.3,Baseline,50,1167.36,26061.08,84.14
sift,16,1.0,1.3,Baseline,50,1202.63,25228.40,87.01
sift,16,1.0,1.3,Baseline,100,710.58,43583.89,94.33
sift,16,1.0,1.3,Baseline,100,563.76,55262.98,94.90
sift,16,1.0,1.3,Baseline,100,668.40,46383.56,91.31
sift,16,1.0,1.3,Baseline,100,559.40,55729.65,93.41
sift,16,1.0,1.3,Baseline,150,494.37,63155.31,96.53
sift,16,1.0,1.3,Baseline,150,489.17,63853.81,96.91
sift,16,1.0,1.3,Baseline,150,404.78,77502.71,94.26
sift,16,1.0,1.3,Baseline,150,485.99,64294.77,95.87
sift,16,1.0,1.3,Baseline,200,378.51,82903.65,97.64
sift,16,1.0,1.3,Baseline,200,374.16,83895.02,97.91
sift,16,1.0,1.3,Baseline,200,367.39,85489.59,95.89
sift,16,1.0,1.3,Baseline,200,372.30,84326.24,97.10
sift,16,1.0,1.3,MCGI,50,760.84,40712.35,87.31
sift,16,1.0,1.3,MCGI,50,769.91,40202.77,88.36
sift,16,1.0,1.3,MCGI,50,774.95,39947.40,82.59
sift,16,1.0,1.3,MCGI,50,696.22,44651.50,85.97
sift,16,1.0,1.3,MCGI,100,634.07,48986.81,93.72
sift,16,1.0,1.3,MCGI,100,635.54,48864.42,94.37
sift,16,1.0,1.3,MCGI,100,631.97,49149.80,90.26
sift,16,1.0,1.3,MCGI,100,695.48,44533.59,92.64
sift,16,1.0,1.3,MCGI,150,436.78,71713.97,96.09
sift,16,1.0,1.3,MCGI,150,441.31,70972.14,96.61
sift,16,1.0,1.3,MCGI,150,442.68,70737.54,93.40
sift,16,1.0,1.3,MCGI,150,482.55,64766.98,95.42
sift,16,1.0,1.3,MCGI,200,366.73,85629.25,97.36
sift,16,1.0,1.3,MCGI,200,375.26,83642.38,97.72
sift,16,1.0,1.3,MCGI,200,373.71,83975.20,95.12
sift,16,1.0,1.3,MCGI,200,369.29,85034.49,96.71
sift,16,1.0,1.5,Baseline,50,836.90,36890.22,88.48
sift,16,1.0,1.5,Baseline,50,1202.63,25228.40,87.01
sift,16,1.0,1.5,Baseline,50,1199.28,25306.48,89.25
sift,16,1.0,1.5,Baseline,50,1167.36,26061.08,84.14
sift,16,1.0,1.5,Baseline,100,710.58,43583.89,94.33
sift,16,1.0,1.5,Baseline,100,559.40,55729.65,93.41
sift,16,1.0,1.5,Baseline,100,563.76,55262.98,94.90
sift,16,1.0,1.5,Baseline,100,668.40,46383.56,91.31
sift,16,1.0,1.5,Baseline,150,494.37,63155.31,96.53
sift,16,1.0,1.5,Baseline,150,485.99,64294.77,95.87
sift,16,1.0,1.5,Baseline,150,489.17,63853.81,96.91
sift,16,1.0,1.5,Baseline,150,404.78,77502.71,94.26
sift,16,1.0,1.5,Baseline,200,378.51,82903.65,97.64
sift,16,1.0,1.5,Baseline,200,372.30,84326.24,97.10
sift,16,1.0,1.5,Baseline,200,374.16,83895.02,97.91
sift,16,1.0,1.5,Baseline,200,367.39,85489.59,95.89
sift,16,1.0,1.5,MCGI,50,687.56,45215.48,87.89
sift,16,1.0,1.5,MCGI,50,761.18,40632.20,86.46
sift,16,1.0,1.5,MCGI,50,775.70,39905.57,88.78
sift,16,1.0,1.5,MCGI,50,690.85,45010.33,83.55
sift,16,1.0,1.5,MCGI,100,692.32,44748.30,94.02
sift,16,1.0,1.5,MCGI,100,630.19,49295.59,93.10
sift,16,1.0,1.5,MCGI,100,635.05,48824.28,94.62
sift,16,1.0,1.5,MCGI,100,685.73,45182.28,90.70
sift,16,1.0,1.5,MCGI,150,484.36,64513.00,96.38
sift,16,1.0,1.5,MCGI,150,437.87,71525.35,95.69
sift,16,1.0,1.5,MCGI,150,461.98,67670.26,96.72
sift,16,1.0,1.5,MCGI,150,477.62,65475.21,93.86
sift,16,1.0,1.5,MCGI,200,371.39,84536.35,97.54
sift,16,1.0,1.5,MCGI,200,373.89,83972.44,96.96
sift,16,1.0,1.5,MCGI,200,369.07,85071.73,97.82
sift,16,1.0,1.5,MCGI,200,365.79,85868.16,95.56
sift,24,1.0,1.1,Baseline,50,1176.14,25526.53,94.18
sift,24,1.0,1.1,Baseline,50,1258.24,23983.94,92.31
sift,24,1.0,1.1,Baseline,50,1258.80,24021.70,93.45
sift,24,1.0,1.1,Baseline,50,1194.50,25340.15,89.87
sift,24,1.0,1.1,Baseline,100,627.56,49413.42,97.76
sift,24,1.0,1.1,Baseline,100,572.70,54336.50,96.72
sift,24,1.0,1.1,Baseline,100,562.69,55309.10,97.35
sift,24,1.0,1.1,Baseline,100,546.96,56956.59,95.20
sift,24,1.0,1.1,Baseline,150,498.39,62529.07,98.78
sift,24,1.0,1.1,Baseline,150,502.77,62018.17,98.15
sift,24,1.0,1.1,Baseline,150,488.12,63887.13,98.56
sift,24,1.0,1.1,Baseline,150,481.50,64802.16,97.08
sift,24,1.0,1.1,Baseline,200,379.63,82520.90,99.23
sift,24,1.0,1.1,Baseline,200,382.93,81852.16,98.79
sift,24,1.0,1.1,Baseline,200,372.14,84265.26,99.08
sift,24,1.0,1.1,Baseline,200,368.07,85217.24,98.07
sift,24,1.0,1.1,MCGI,50,1221.08,24749.97,92.73
sift,24,1.0,1.1,MCGI,50,1291.56,23331.59,90.81
sift,24,1.0,1.1,MCGI,50,1260.89,23947.88,91.98
sift,24,1.0,1.1,MCGI,50,1270.02,23767.67,88.38
sift,24,1.0,1.1,MCGI,100,689.72,44834.47,96.92
sift,24,1.0,1.1,MCGI,100,719.73,42914.16,95.77
sift,24,1.0,1.1,MCGI,100,701.30,44079.05,96.50
sift,24,1.0,1.1,MCGI,100,708.38,43630.07,94.20
sift,24,1.0,1.1,MCGI,150,477.55,65347.59,98.33
sift,24,1.0,1.1,MCGI,150,496.70,62818.64,97.54
sift,24,1.0,1.1,MCGI,150,484.90,64335.48,97.99
sift,24,1.0,1.1,MCGI,150,489.72,63707.04,96.36
sift,24,1.0,1.1,MCGI,200,365.02,85947.47,98.93
sift,24,1.0,1.1,MCGI,200,378.70,82785.76,98.38
sift,24,1.0,1.1,MCGI,200,370.26,84667.76,98.69
sift,24,1.0,1.1,MCGI,200,373.39,83987.08,97.50
sift,24,1.0,1.2,Baseline,50,1258.80,24021.70,93.45
sift,24,1.0,1.2,Baseline,50,1194.50,25340.15,89.87
sift,24,1.0,1.2,Baseline,50,1258.24,23983.94,92.31
sift,24,1.0,1.2,Baseline,50,1176.14,25526.53,94.18
sift,24,1.0,1.2,Baseline,100,562.69,55309.10,97.35
sift,24,1.0,1.2,Baseline,100,546.96,56956.59,95.20
sift,24,1.0,1.2,Baseline,100,572.70,54336.50,96.72
sift,24,1.0,1.2,Baseline,100,627.56,49413.42,97.76
sift,24,1.0,1.2,Baseline,150,488.12,63887.13,98.56
sift,24,1.0,1.2,Baseline,150,481.50,64802.16,97.08
sift,24,1.0,1.2,Baseline,150,502.77,62018.17,98.15
sift,24,1.0,1.2,Baseline,150,498.39,62529.07,98.78
sift,24,1.0,1.2,Baseline,200,372.14,84265.26,99.08
sift,24,1.0,1.2,Baseline,200,368.07,85217.24,98.07
sift,24,1.0,1.2,Baseline,200,382.93,81852.16,98.79
sift,24,1.0,1.2,Baseline,200,379.63,82520.90,99.23
sift,24,1.0,1.2,MCGI,50,749.63,41296.87,91.98
sift,24,1.0,1.2,MCGI,50,750.00,41266.34,88.43
sift,24,1.0,1.2,MCGI,50,755.67,40970.88,90.89
sift,24,1.0,1.2,MCGI,50,795.32,38864.37,92.73
sift,24,1.0,1.2,MCGI,100,558.76,55705.32,96.48
sift,24,1.0,1.2,MCGI,100,629.92,49232.16,94.29
sift,24,1.0,1.2,MCGI,100,622.57,49476.48,95.88
sift,24,1.0,1.2,MCGI,100,675.17,45836.39,97.01
sift,24,1.0,1.2,MCGI,150,482.33,64689.72,97.99
sift,24,1.0,1.2,MCGI,150,437.27,71545.68,96.44
sift,24,1.0,1.2,MCGI,150,471.24,66252.89,97.56
sift,24,1.0,1.2,MCGI,150,445.67,70167.68,98.35
sift,24,1.0,1.2,MCGI,200,369.48,84875.20,98.71
sift,24,1.0,1.2,MCGI,200,369.32,84921.54,97.55
sift,24,1.0,1.2,MCGI,200,371.04,84519.60,98.39
sift,24,1.0,1.2,MCGI,200,376.86,83161.07,98.97
sift,24,1.0,1.3,Baseline,50,1194.50,25340.15,89.87
sift,24,1.0,1.3,Baseline,50,1176.14,25526.53,94.18
sift,24,1.0,1.3,Baseline,50,1258.24,23983.94,92.31
sift,24,1.0,1.3,Baseline,50,1258.80,24021.70,93.45
sift,24,1.0,1.3,Baseline,100,546.96,56956.59,95.20
sift,24,1.0,1.3,Baseline,100,627.56,49413.42,97.76
sift,24,1.0,1.3,Baseline,100,572.70,54336.50,96.72
sift,24,1.0,1.3,Baseline,100,562.69,55309.10,97.35
sift,24,1.0,1.3,Baseline,150,481.50,64802.16,97.08
sift,24,1.0,1.3,Baseline,150,498.39,62529.07,98.78
sift,24,1.0,1.3,Baseline,150,502.77,62018.17,98.15
sift,24,1.0,1.3,Baseline,150,488.12,63887.13,98.56
sift,24,1.0,1.3,Baseline,200,368.07,85217.24,98.07
sift,24,1.0,1.3,Baseline,200,379.63,82520.90,99.23
sift,24,1.0,1.3,Baseline,200,382.93,81852.16,98.79
sift,24,1.0,1.3,Baseline,200,372.14,84265.26,99.08
sift,24,1.0,1.3,MCGI,50,764.26,40479.48,88.62
sift,24,1.0,1.3,MCGI,50,758.48,40751.69,93.14
sift,24,1.0,1.3,MCGI,50,762.23,40593.03,91.20
sift,24,1.0,1.3,MCGI,50,787.00,39300.90,92.39
sift,24,1.0,1.3,MCGI,100,620.97,49642.21,94.43
sift,24,1.0,1.3,MCGI,100,570.73,54131.61,97.26
sift,24,1.0,1.3,MCGI,100,629.41,49147.88,96.10
sift,24,1.0,1.3,MCGI,100,668.32,46320.03,96.70
sift,24,1.0,1.3,MCGI,150,476.70,65484.14,96.57
sift,24,1.0,1.3,MCGI,150,486.51,64145.39,98.54
sift,24,1.0,1.3,MCGI,150,466.92,66877.65,97.69
sift,24,1.0,1.3,MCGI,150,462.24,67571.77,98.16
sift,24,1.0,1.3,MCGI,200,379.49,82588.40,97.63
sift,24,1.0,1.3,MCGI,200,371.19,84497.35,99.09
sift,24,1.0,1.3,MCGI,200,375.56,83503.44,98.53
sift,24,1.0,1.3,MCGI,200,377.30,83080.04,98.86
sift,24,1.0,1.5,Baseline,50,1258.24,23983.94,92.31
sift,24,1.0,1.5,Baseline,50,1258.80,24021.70,93.45
sift,24,1.0,1.5,Baseline,50,1176.14,25526.53,94.18
sift,24,1.0,1.5,Baseline,50,1194.50,25340.15,89.87
sift,24,1.0,1.5,Baseline,100,572.70,54336.50,96.72
sift,24,1.0,1.5,Baseline,100,562.69,55309.10,97.35
sift,24,1.0,1.5,Baseline,100,627.56,49413.42,97.76
sift,24,1.0,1.5,Baseline,100,546.96,56956.59,95.20
sift,24,1.0,1.5,Baseline,150,502.77,62018.17,98.15
sift,24,1.0,1.5,Baseline,150,488.12,63887.13,98.56
sift,24,1.0,1.5,Baseline,150,498.39,62529.07,98.78
sift,24,1.0,1.5,Baseline,150,481.50,64802.16,97.08
sift,24,1.0,1.5,Baseline,200,382.93,81852.16,98.79
sift,24,1.0,1.5,Baseline,200,372.14,84265.26,99.08
sift,24,1.0,1.5,Baseline,200,379.63,82520.90,99.23
sift,24,1.0,1.5,Baseline,200,368.07,85217.24,98.07
sift,24,1.0,1.5,MCGI,50,790.86,39071.68,91.80
sift,24,1.0,1.5,MCGI,50,760.53,40684.46,92.97
sift,24,1.0,1.5,MCGI,50,787.86,39241.15,93.76
sift,24,1.0,1.5,MCGI,50,751.62,41176.50,89.32
sift,24,1.0,1.5,MCGI,100,670.37,46183.10,96.41
sift,24,1.0,1.5,MCGI,100,616.17,49946.93,97.09
sift,24,1.0,1.5,MCGI,100,671.06,46127.65,97.53
sift,24,1.0,1.5,MCGI,100,600.98,51334.99,94.92
sift,24,1.0,1.5,MCGI,150,444.14,70403.65,97.92
sift,24,1.0,1.5,MCGI,150,474.41,65775.43,98.35
sift,24,1.0,1.5,MCGI,150,443.35,70517.69,98.69
sift,24,1.0,1.5,MCGI,150,473.27,65972.60,96.94
sift,24,1.0,1.5,MCGI,200,374.60,83710.76,98.63
sift,24,1.0,1.5,MCGI,200,371.11,84499.74,98.95
sift,24,1.0,1.5,MCGI,200,377.80,82988.73,99.18
sift,24,1.0,1.5,MCGI,200,366.82,85526.73,97.92
sift,32,1.0,1.1,Baseline,50,1266.47,23810.25,92.02
sift,32,1.0,1.1,Baseline,50,1272.65,23672.28,95.98
sift,32,1.0,1.1,Baseline,50,1274.30,23652.46,94.44
sift,32,1.0,1.1,Baseline,50,1308.70,23009.81,95.36
sift,32,1.0,1.1,Baseline,100,560.04,55549.21,96.50
sift,32,1.0,1.1,Baseline,100,556.54,55926.66,98.58
sift,32,1.0,1.1,Baseline,100,571.75,54360.26,97.86
sift,32,1.0,1.1,Baseline,100,717.27,43004.52,98.33
sift,32,1.0,1.1,Baseline,150,499.56,62365.90,98.05
sift,32,1.0,1.1,Baseline,150,497.41,62618.82,99.30
sift,32,1.0,1.1,Baseline,150,501.58,62084.02,98.84
sift,32,1.0,1.1,Baseline,150,417.22,74956.43,99.11
sift,32,1.0,1.1,Baseline,200,379.90,81623.59,98.75
sift,32,1.0,1.1,Baseline,200,378.63,81870.08,99.57
sift,32,1.0,1.1,Baseline,200,381.96,81164.64,99.27
sift,32,1.0,1.1,Baseline,200,383.19,80908.42,99.46
sift,32,1.0,1.1,MCGI,50,1293.41,23292.85,90.82
sift,32,1.0,1.1,MCGI,50,1320.05,22782.12,94.87
sift,32,1.0,1.1,MCGI,50,1308.36,23011.02,93.27
sift,32,1.0,1.1,MCGI,50,1301.85,23107.23,94.22
sift,32,1.0,1.1,MCGI,100,714.90,43158.48,95.72
sift,32,1.0,1.1,MCGI,100,725.03,42540.11,98.03
sift,32,1.0,1.1,MCGI,100,725.30,42548.80,97.22
sift,32,1.0,1.1,MCGI,100,723.70,42635.75,97.76
sift,32,1.0,1.1,MCGI,150,493.28,63186.90,97.47
sift,32,1.0,1.1,MCGI,150,497.96,62570.09,99.01
sift,32,1.0,1.1,MCGI,150,499.57,62377.86,98.43
sift,32,1.0,1.1,MCGI,150,498.66,62457.70,98.80
sift,32,1.0,1.1,MCGI,200,375.57,82594.65,98.29
sift,32,1.0,1.1,MCGI,200,378.80,81878.46,99.37
sift,32,1.0,1.1,MCGI,200,380.50,81506.02,98.97
sift,32,1.0,1.1,MCGI,200,379.61,81688.84,99.23
sift,32,1.0,1.2,Baseline,50,1308.70,23009.81,95.36
sift,32,1.0,1.2,Baseline,50,1274.30,23652.46,94.44
sift,32,1.0,1.2,Baseline,50,1272.65,23672.28,95.98
sift,32,1.0,1.2,Baseline,50,1266.47,23810.25,92.02
sift,32,1.0,1.2,Baseline,100,717.27,43004.52,98.33
sift,32,1.0,1.2,Baseline,100,571.75,54360.26,97.86
sift,32,1.0,1.2,Baseline,100,556.54,55926.66,98.58
sift,32,1.0,1.2,Baseline,100,560.04,55549.21,96.50
sift,32,1.0,1.2,Baseline,150,417.22,74956.43,99.11
sift,32,1.0,1.2,Baseline,150,501.58,62084.02,98.84
sift,32,1.0,1.2,Baseline,150,497.41,62618.82,99.30
sift,32,1.0,1.2,Baseline,150,499.56,62365.90,98.05
sift,32,1.0,1.2,Baseline,200,383.19,80908.42,99.46
sift,32,1.0,1.2,Baseline,200,381.96,81164.64,99.27
sift,32,1.0,1.2,Baseline,200,378.63,81870.08,99.57
sift,32,1.0,1.2,Baseline,200,379.90,81623.59,98.75
sift,32,1.0,1.2,MCGI,50,767.10,40318.83,94.29
sift,32,1.0,1.2,MCGI,50,761.39,40616.29,93.26
sift,32,1.0,1.2,MCGI,50,768.10,40247.63,94.89
sift,32,1.0,1.2,MCGI,50,676.77,45901.08,90.67
sift,32,1.0,1.2,MCGI,100,640.01,48283.69,97.74
sift,32,1.0,1.2,MCGI,100,634.86,48797.71,97.18
sift,32,1.0,1.2,MCGI,100,632.35,48801.83,98.04
sift,32,1.0,1.2,MCGI,100,705.21,43782.94,95.67
sift,32,1.0,1.2,MCGI,150,464.37,67182.96,98.79
sift,32,1.0,1.2,MCGI,150,455.25,68606.20,98.47
sift,32,1.0,1.2,MCGI,150,468.36,66608.48,99.01
sift,32,1.0,1.2,MCGI,150,484.71,64320.78,97.51
sift,32,1.0,1.2,MCGI,200,372.24,83339.86,99.24
sift,32,1.0,1.2,MCGI,200,369.20,84077.25,99.00
sift,32,1.0,1.2,MCGI,200,371.97,83408.01,99.36
sift,32,1.0,1.2,MCGI,200,369.15,84074.05,98.34
sift,32,1.0,1.3,Baseline,50,1274.30,23652.46,94.44
sift,32,1.0,1.3,Baseline,50,1266.47,23810.25,92.02
sift,32,1.0,1.3,Baseline,50,1272.65,23672.28,95.98
sift,32,1.0,1.3,Baseline,50,1308.70,23009.81,95.36
sift,32,1.0,1.3,Baseline,100,571.75,54360.26,97.86
sift,32,1.0,1.3,Baseline,100,560.04,55549.21,96.50
sift,32,1.0,1.3,Baseline,100,556.54,55926.66,98.58
sift,32,1.0,1.3,Baseline,100,717.27,43004.52,98.33
sift,32,1.0,1.3,Baseline,150,501.58,62084.02,98.84
sift,32,1.0,1.3,Baseline,150,499.56,62365.90,98.05
sift,32,1.0,1.3,Baseline,150,497.41,62618.82,99.30
sift,32,1.0,1.3,Baseline,150,417.22,74956.43,99.11
sift,32,1.0,1.3,Baseline,200,381.96,81164.64,99.27
sift,32,1.0,1.3,Baseline,200,379.90,81623.59,98.75
sift,32,1.0,1.3,Baseline,200,378.63,81870.08,99.57
sift,32,1.0,1.3,Baseline,200,383.19,80908.42,99.46
sift,32,1.0,1.3,MCGI,50,776.50,39791.60,93.54
sift,32,1.0,1.3,MCGI,50,692.03,44816.38,90.97
sift,32,1.0,1.3,MCGI,50,692.30,44854.61,95.12
sift,32,1.0,1.3,MCGI,50,775.07,39902.42,94.45
sift,32,1.0,1.3,MCGI,100,640.44,48352.93,97.34
sift,32,1.0,1.3,MCGI,100,644.12,48079.29,95.90
sift,32,1.0,1.3,MCGI,100,722.29,42711.13,98.19
sift,32,1.0,1.3,MCGI,100,642.75,48194.81,97.95
sift,32,1.0,1.3,MCGI,150,460.42,67793.56,98.57
sift,32,1.0,1.3,MCGI,150,494.47,63018.14,97.62
sift,32,1.0,1.3,MCGI,150,497.42,62623.32,99.11
sift,32,1.0,1.3,MCGI,150,440.29,70990.57,98.87
sift,32,1.0,1.3,MCGI,200,377.64,82133.69,99.09
sift,32,1.0,1.3,MCGI,200,376.75,82314.98,98.42
sift,32,1.0,1.3,MCGI,200,378.74,81854.23,99.44
sift,32,1.0,1.3,MCGI,200,378.19,81997.58,99.31
sift,32,1.0,1.5,Baseline,50,1308.70,23009.81,95.36
sift,32,1.0,1.5,Baseline,50,1272.65,23672.28,95.98
sift,32,1.0,1.5,Baseline,50,1266.47,23810.25,92.02
sift,32,1.0,1.5,Baseline,50,1274.30,23652.46,94.44
sift,32,1.0,1.5,Baseline,100,717.27,43004.52,98.33
sift,32,1.0,1.5,Baseline,100,556.54,55926.66,98.58
sift,32,1.0,1.5,Baseline,100,560.04,55549.21,96.50
sift,32,1.0,1.5,Baseline,100,571.75,54360.26,97.86
sift,32,1.0,1.5,Baseline,150,417.22,74956.43,99.11
sift,32,1.0,1.5,Baseline,150,497.41,62618.82,99.30
sift,32,1.0,1.5,Baseline,150,499.56,62365.90,98.05
sift,32,1.0,1.5,Baseline,150,501.58,62084.02,98.84
sift,32,1.0,1.5,Baseline,200,383.19,80908.42,99.46
sift,32,1.0,1.5,Baseline,200,378.63,81870.08,99.57
sift,32,1.0,1.5,Baseline,200,379.90,81623.59,98.75
sift,32,1.0,1.5,Baseline,200,381.96,81164.64,99.27
sift,32,1.0,1.5,MCGI,50,797.27,38731.14,95.08
sift,32,1.0,1.5,MCGI,50,770.85,40095.98,95.72
sift,32,1.0,1.5,MCGI,50,714.40,43427.39,91.53
sift,32,1.0,1.5,MCGI,50,776.96,39772.42,94.03
sift,32,1.0,1.5,MCGI,100,679.22,45520.32,98.22
sift,32,1.0,1.5,MCGI,100,643.82,48092.66,98.45
sift,32,1.0,1.5,MCGI,100,709.58,43481.47,96.23
sift,32,1.0,1.5,MCGI,100,641.57,48276.58,97.63
sift,32,1.0,1.5,MCGI,150,442.97,70521.68,99.06
sift,32,1.0,1.5,MCGI,150,441.78,70745.15,99.23
sift,32,1.0,1.5,MCGI,150,485.98,64145.72,97.83
sift,32,1.0,1.5,MCGI,150,463.86,67221.68,98.68
sift,32,1.0,1.5,MCGI,200,375.54,82608.88,99.41
sift,32,1.0,1.5,MCGI,200,372.75,83197.49,99.53
sift,32,1.0,1.5,MCGI,200,377.31,82208.45,98.60
sift,32,1.0,1.5,MCGI,200,379.26,81777.55,99.18
